Title,URL,Summary
Sustainable Urban Mobility,https://www.kaggle.com/datasets/arindam235/startup-investments-crunchbase,"This concept explores new approaches for designing transportation frameworks that reduce environmental impact while enhancing accessibility and efficiency in densely populated areas. By integrating electric transportation options with urban planning strategies, stakeholders can create networks that prioritize pedestrian pathways, dedicated lanes for shared mobility services, and seamless connectivity between transit hubs. Engaging community members in participatory design processes ensures that the resulting systems respond to local needs, cultural preferences, and seasonal variations in demand. Moreover, embedding real time monitoring and adaptive routing capabilities can minimize congestion and emissions by dynamically reallocating resources according to changing conditions. The focus on equitable access encourages policy makers to address socioeconomic barriers, ensuring that low income neighborhoods benefit from improved mobility options alongside thriving commercial districts. Ultimately, sustainable urban mobility initiatives aim to foster resilient cities where citizens enjoy healthier lifestyles, cleaner air, and more cohesive social interactions through thoughtfully designed transportation solutions. These frameworks also emphasize innovative policies."
Digital Education Platforms,https://www.kaggle.com/datasets/arindam236/startup-investments-crunchbase,"Digital education platforms are reimagining the way learners engage with instructional content by combining intuitive user interfaces with adaptive learning algorithms and interactive multimedia. Through modular course structures, learners navigate pathways that respond to individual proficiency levels, interests, and motivational triggers. Seamless integration of video lectures, collaborative discussion boards, and gamified challenges encourages sustained engagement while fostering peer to peer interaction. Educators benefit from real time analytics dashboards that highlight performance trends, identify knowledge gaps, and support timely interventions. Accessibility features such as captioned video, text to speech capabilities, and customizable visual schemes ensure that learners with diverse needs can participate fully. Open architecture and standardized protocols facilitate interoperability among disparate systems, enabling institutions to curate and assemble tailored curricula from various providers. By prioritizing scalability and user privacy, these platforms empower organizations to support continuous professional development, certificate pathways, and lifelong learning initiatives across industries. Continued innovation in virtual labs and immersive simulations promises to further enhance experiential learning and deepen conceptual understanding."
Renewable Energy Integration,https://www.kaggle.com/datasets/arindam237/startup-investments-crunchbase,"Renewable energy integration explores strategies for blending clean power sources into existing energy grids while maintaining reliability and affordability. By coordinating solar arrays, wind turbines, and energy storage systems, grid operators can balance supply variability with demand patterns throughout daily and seasonal cycles. Advanced forecasting models analyze weather, consumption trends, and grid conditions to optimize dispatch schedules and minimize curtailment of surplus generation. Demand response programs engage consumers to shift usage toward periods of high renewable output, reducing the need for fossil fuel peaking plants. Microgrid solutions offer localized energy autonomy for remote communities, critical infrastructure, and emergency response scenarios. Regulatory frameworks must adapt to incentivize investments in transmission expansions, distributed resource aggregations, and peer to peer energy markets. Equitable access initiatives ensure that underserved populations benefit from reduced utility costs and improved air quality. Through collaborative research and public private partnerships, renewable energy integration advances progress toward decarbonization goals while fostering resilient, flexible, and inclusive energy ecosystems."
Community Health Initiatives,https://www.kaggle.com/datasets/arindam238/startup-investments-crunchbase,"Community health initiatives focus on empowering local populations to adopt preventative measures and access essential services that improve wellbeing. By organizing outreach campaigns, workshops, and mobile clinics, program coordinators address topics such as nutrition, mental health awareness, and chronic disease management. Partnerships with non profit organizations, faith based groups, and municipal agencies enhance the reach of health education efforts, ensuring that culturally relevant resources are available in multiple languages and formats. Health data collected through surveys and voluntary monitoring devices inform targeted interventions and support continuous improvement cycles. Volunteer training programs cultivate local leadership and foster trust between residents and healthcare providers. Emphasis on social determinants of health prompts collaboration with housing, transportation, and food security stakeholders to address underlying barriers. Community advisory boards guide decision making and ensure that initiatives remain responsive to evolving needs. Ultimately, these comprehensive efforts aim to reduce health disparities, strengthen social cohesion, and cultivate environments where individuals can thrive physically, mentally, and socially."
Smart Agriculture Solutions,https://www.kaggle.com/datasets/arindam239/startup-investments-crunchbase,"Smart agriculture solutions leverage sensor networks, machine learning models, and automated control systems to optimize crop production while conserving resources. Soil moisture sensors, satellite imagery, and drone surveillance provide real time insights into field conditions, enabling farmers to deliver targeted irrigation, fertilization, and pest management interventions. Predictive analytics forecast growth cycles, yield potentials, and risk factors, informing strategic planning and resource allocation. Automated equipment guided by precision mapping reduces labor demands and minimizes environmental impact through controlled application of inputs and reduced soil compaction. Cloud based platforms integrate data streams from multiple farm sites, supporting benchmarking and collaborative research across regions. By harnessing renewable energy sources to power remote installations, these systems operate with reduced carbon footprints. Educational modules help agricultural professionals develop data literacy and operational skills, promoting sustainable practices and continuous innovation. Stakeholder engagement with supply chain partners facilitates traceability, quality assurance, and market access, contributing to resilient food systems and safer consumer experiences."
Cultural Heritage Preservation,https://www.kaggle.com/datasets/arindam240/startup-investments-crunchbase,"Cultural heritage preservation encompasses efforts to safeguard tangible and intangible assets that embody collective identity, history, and traditions. Conservation specialists employ digital scanning, three dimensional modeling, and archival research to document artifacts, structures, and oral narratives before they face deterioration or loss. Community driven programs encourage custodians of traditional crafts, performing arts, and culinary legacies to share expertise across generations, ensuring continuity and adaptation. Virtual reality reconstructions allow global audiences to explore heritage sites and intangible expressions from remote locations, fostering cross cultural understanding and support. Policy frameworks balance tourism development with protection measures, managing visitor flows and funding restoration projects without compromising authenticity. Educational initiatives integrate heritage topics into curricula, cultivating appreciation and advocacy among youth. Collaborative networks among museums, academic institutions, and cultural organizations facilitate best practice exchanges, resource mobilization, and interdisciplinary research. Collaborative digitization efforts with community librarians and archivists democratize access to heritage materials. Long term conservation strategies integrate sustainable funding models and volunteer led stewardship programs."
Interactive Media Experiences,https://www.kaggle.com/datasets/arindam241/startup-investments-crunchbase,"Interactive media experiences blend storytelling techniques with user driven exploration to create immersive narrative environments. Game designers, filmmakers, and technologists collaborate to craft nonlinear plots, branching dialogues, and dynamic world building elements that respond to audience choices. Procedural generation engines generate unique scenarios that adapt to player preferences, encouraging repeated engagement and personalized discovery. Haptic feedback devices, spatial audio systems, and extended reality headsets transport participants into multisensory landscapes, deepening emotional resonance. Analytics tools capture engagement metrics, guiding iterative design refinements and content updates. Inclusive design principles ensure accessibility options are integrated from the outset, providing alternative input modes, descriptive audio tracks, and adjustable pacing controls. Community feedback channels invite user contributions, such as custom assets, scenario modifications, and collaborative challenges, enriching the evolving universe. Continuous research into user experience design and emerging input modalities promises further evolution of interactive narratives."
Inclusive Design Strategies,https://www.kaggle.com/datasets/arindam242/startup-investments-crunchbase,"Inclusive design strategies prioritize the creation of products, environments, and services that accommodate the widest possible range of user abilities and preferences. By engaging diverse stakeholder groups throughout research and prototype phases, designers identify accessibility hurdles and latent needs early in development. Universal design guidelines inform decisions regarding navigation patterns, color contrast, and interactive elements, ensuring that individuals with sensory impairments, mobility limitations, or cognitive differences can participate equitably. Co creation workshops empower end users to influence feature sets and usability standards, fostering ownership and improving cultural relevance. Usability testing sessions incorporate assistive technologies such as screen readers, voice controlled interfaces, and adaptive input devices, revealing areas for refinement. Documentation and training materials adopt clear language, visual cues, and alternative formats to support self directed learning. Organizations that embrace inclusive design cultivate innovation cultures while reaching broader markets and enhancing brand reputation. Research into emerging accessibility technologies paves the way for novel interaction paradigms that benefit all users. Continuous evaluation cycles and open feedback mechanisms drive incremental improvements and foster long term impact."
Circular Economy Models,https://www.kaggle.com/datasets/arindam243/startup-investments-crunchbase,"Circular economy models redefine traditional production and consumption patterns by emphasizing resource recovery, reuse, and regeneration. Value chains shift from linear extraction to cyclical flows, where end of life materials are reintegrated into manufacturing pipelines. Product as service concepts encourage leasing and sharing mechanisms, reducing idle capacity and incentivizing providers to optimize durability and maintainability. Reverse logistics networks collect used goods, components, and packaging for remanufacturing, refurbishment, or material reclamation processes. Design for disassembly principles guide engineers to create modular assemblies that facilitate separation of materials and minimize waste. Cross sector collaborations among manufacturers, waste management firms, and research institutions develop closed loop partnerships that generate value while minimizing environmental footprints. Policy instruments such as extended producer responsibility and material taxation schemes support market shifts toward circularity. Consumer education programs highlight ecological benefits and promote behaviour change, building demand for sustainable offerings. Local innovation hubs and shared infrastructure facilities accelerate research and pilot deployment of circular solutions."
Cross Border Collaboration,https://www.kaggle.com/datasets/arindam244/startup-investments-crunchbase,"Cross border collaboration fosters partnerships among organizations, communities, and governments across geographic and cultural boundaries. Through virtual workspaces and communication platforms, teams coordinate projects that address shared challenges such as climate adaptation, public health crises, and economic development. Joint research consortia combine expertise from diverse disciplines, enabling knowledge exchange and co creation of innovative solutions. Cultural exchange initiatives encourage reciprocal visits, tradable fellowships, and joint training programs, strengthening intercultural competencies and trust. Harmonized policy frameworks and standardized protocols ease regulatory barriers, facilitating movement of resources, data, and personnel. Funding platforms support multinational ventures with transparent governance structures and equitable benefit sharing mechanisms. Continuous feedback loops and inclusive decision making processes ensure that stakeholders maintain open dialogue, adapt to emerging insights, and resolve conflicts constructively. Inclusive stakeholder workshops ensure that diverse community voices shape project priorities and outcomes. Mechanisms for transparent resource allocation and benefit sharing uphold ethical principles and mutual accountability."
Adaptive Learning Environments,https://www.kaggle.com/datasets/arindam245/startup-investments-crunchbase,"Adaptive learning environments harness data driven insights to customize educational experiences in real time. Learner profiles capture cognitive styles, prior knowledge, and motivational factors to shape content delivery, pacing, and assessment formats. Intelligent tutoring systems analyze user interactions, identify misconceptions, and present tailored remediation exercises to reinforce foundational concepts. Modular curriculum design facilitates the recombination of learning objects, enabling educators to assemble targeted pathways for individual and group instruction. Engagement analytics reveal patterns that inform iterative refinements, optimizing challenge levels and scaffolded support. Integration with behavioral science principles encourages habit formation and sustained effort through strategic feedback, progress tracking, and reward mechanisms that align with personal goals. Collaborative features promote social learning, peer mentoring, and group problem solving, enriching the adaptive ecosystem. Accessibility components ensure that learners with diverse needs experience consistent customization of fonts, layouts, and navigational controls. Ongoing collaboration with educational psychologists and curriculum specialists enhances the pedagogical quality and relevance of adaptive content."
Regenerative Architecture Practices,https://www.kaggle.com/datasets/arindam246/startup-investments-crunchbase,"Regenerative architecture practices go beyond sustainability by designing structures that actively restore ecological balance and enhance local biodiversity. Architects and landscape designers collaborate to create living systems integrated into building envelopes, such as green roofs, vertical gardens, and bio reactive facades. Rainwater harvesting networks channel precipitation into retention basins and subsurface recharge zones, reducing stormwater runoff and supporting onsite irrigation needs. Passive solar orientation, natural ventilation strategies, and thermal mass elements minimize energy demands while promoting occupant comfort. Locally sourced materials and circular procurement networks reduce embodied carbon and support regional economies. Building management systems monitor environmental parameters, adjusting controls to maintain optimal conditions and facilitate adaptive maintenance routines. Community engagement initiatives invite inhabitants to participate in urban agriculture and habitat restoration programs, fostering stewardship and a sense of belonging. Engagement with indigenous knowledge systems and agro ecological principles enriches design approaches and reinforces cultural contexts. Long term monitoring and community based stewardship ensure that built systems evolve in harmony with ecological cycles."
Holistic Wellness Programs,https://www.kaggle.com/datasets/arindam247/startup-investments-crunchbase,"Holistic wellness programs adopt integrative approaches to promote physical, mental, and social health across populations. Program designs encompass nutrition education, mindfulness practices, and movement modalities that respect cultural traditions and individual preferences. Interdisciplinary teams of health professionals collaborate to develop personalized plans that address lifestyle factors, emotional resilience, and social connection. Workshops and retreats offer immersive experiences such as meditation sessions, yoga workshops, and creative arts therapies that foster self awareness and stress reduction. Digital platforms enable ongoing support through guided modules, progress tracking tools, and peer support communities. Data analytics inform outcome evaluations, identifying correlations between participation patterns and health metrics. Partnerships  with local businesses and community centers ensure that resources remain accessible and relevant. Emphasis on preventive care and early intervention encourages proactive adoption of healthy routines. Through holistic wellness initiatives, organizations can cultivate environments that nurture balanced lifestyles, strengthen social bonds, and empower individuals to thrive in all dimensions of health."
Collaborative Innovation Ecosystems,https://www.kaggle.com/datasets/arindam248/startup-investments-crunchbase,"Collaborative innovation ecosystems bring together startups, established enterprises, research institutions, and investors to co create transformative solutions. Shared workspaces and accelerator programs facilitate mentorship, knowledge transfer, and rapid prototyping cycles. Open innovation challenges and hackathons unite diverse talents around well defined problem statements, spurring creative breakthroughs. Data sharing agreements and secure collaboration platforms enable real time cooperation while safeguarding intellectual property rights. Governance models emphasize transparency, equitable decision making, and benefit sharing to build trust among participants. Community engagement efforts extend innovation activities into local neighborhoods through maker spaces, public workshops, and demonstration projects. Policy incentives, tax frameworks, and funding instruments encourage risk taking and reduce barriers to scaling. Strategic alignment with regional development agendas amplifies societal impact and fosters inclusive growth opportunities. Ecosystem mapping and continuous evaluation metrics support adaptive governance and sustained performance improvements."
Ethical Data Governance,https://www.kaggle.com/datasets/arindam249/startup-investments-crunchbase,"Ethical data governance establishes frameworks for responsible collection, management, and application of information assets. Organizations implement privacy by design principles, ensuring that systems embed protection measures from initial development through deployment. Clear consent protocols inform individuals about data usage purposes, retention policies, and sharing arrangements. Data stewardship roles define accountability for quality, security, and compliance with legal and ethical standards. Risk assessment processes evaluate potential harms associated with bias, discrimination, or unintended consequences arising from algorithmic decision making. Transparency initiatives publish data handling practices and audit results to build public trust. Collaborative forums bring together regulators, civil society advocates, and industry representatives to co develop guidelines that balance innovation with human rights protections. Training programs raise awareness of ethical risks and equip stakeholders with tools for responsible data management. Stakeholder consultations and community audits reinforce accountability and drive continuous refinement of governance frameworks."
Sustainable Investing Frameworks,https://www.kaggle.com/datasets/adilshamim8/startup-growth-and-investment-data,"Investors are increasingly adopting sustainable investing frameworks that embed environmental, social, and governance criteria into portfolio decisions. These frameworks evaluate companies based on metrics such as carbon footprint reduction, resource stewardship, labor practices, and board diversity. Asset managers deploy data analytics and third party research to identify sustainable opportunities and screen out activities that conflict with long term value creation. Engagement strategies involve dialogue with corporate leadership to promote transparency, enhance disclosures, and drive improvements in sustainable operations. Performance monitoring tracks both financial returns and real world outcomes such as emissions reductions, community development indicators, and supply chain resilience. Regulatory developments and industry standards, including stewardship codes and disclosure guidelines, support adoption across jurisdictions. Investment products such as ESG focused funds and green bonds provide specialized vehicles to support transitions to low carbon economies. Ultimately, sustainable investing frameworks seek to balance risk adjusted returns with positive impact metrics to meet fiduciary duties and stakeholder expectations."
Risk Mitigation Strategies,https://www.kaggle.com/datasets/adilshamim9/startup-growth-and-investment-data,"Effective risk mitigation strategies are essential for preserving capital and achieving consistent returns in volatile markets. Portfolio diversification across uncorrelated asset classes helps manage market risk while hedging instruments such as options and futures can protect against downside scenarios. Scenario analysis and stress testing enable institutions to evaluate potential losses under extreme market conditions and adjust risk exposures proactively. Credit risk assessments incorporate counterparty evaluation, collateral requirements, and covenant analysis to safeguard fixed income portfolios. Operational risk frameworks establish governance processes, control mechanisms, and incident response plans to address potential failures in systems and procedures. Liquidity management involves maintaining adequate cash buffers, access to credit lines, and contingency funding plans to ensure flexibility during market dislocations. Regulatory compliance efforts including stress scenario reporting, capital adequacy assessments, and model validation reviews support adherence to supervisory guidelines. Organizations conduct regular risk academy training and governance reviews to foster a risk aware culture. Integration of digital risk management platforms automates data aggregation, risk calculation, and reporting workflows to enhance efficiency and accuracy. By integrating quantitative risk models with qualitative oversight, organizations can anticipate emerging threats and implement adaptive measures that preserve portfolio resilience."
Asset Allocation Models,https://www.kaggle.com/datasets/adilshamim10/startup-growth-and-investment-data,"Asset allocation models provide structured approaches for distributing capital among equities, fixed income, and alternative investments according to risk preferences. Strategic allocation establishes long term target weights based on expected returns, volatilities, and correlations among asset classes. Tactical allocation adjusts exposures in response to short term market dislocations and valuation discrepancies identified through proprietary research. Risk budgeting frameworks assign risk contributions to portfolio segments, enabling practitioners to optimize the trade off between diversification and active bets. Mean variance optimization techniques use covariance matrices and return forecasts to identify efficient frontier portfolios that meet defined objectives. Multi period models incorporate rebalancing schedules and cash flow projections to maintain target exposures while minimizing transaction costs. Scenario planning exercises evaluate the impact of interest rate shifts, inflation surprises, and geopolitical events on portfolio outcomes. Performance attribution analyses decompose returns to highlight contributions from asset classes and manager selections. By combining strategic anchors with tactical overlays, asset allocation models aim to deliver robust outcomes across market cycles and economic regimes."
ESG Integration Approaches,https://www.kaggle.com/datasets/adilshamim11/startup-growth-and-investment-data,"ESG integration approaches systematically incorporate environmental, social, and governance factors into traditional financial analysis to enhance decision making. Positive screening selects companies demonstrating strong sustainability performance, while exclusionary screening removes activities deemed harmful or unethical. Thematic funds focus on specific ESG trends such as renewable energy, social equity, or resource efficiency to align investments with measurable impact objectives. Engagement and stewardship practices involve active dialogue with corporate management to influence policies, encourage disclosure improvements, and align business strategies with stakeholder expectations. ESG data providers aggregate vast datasets to quantify sustainability metrics, enabling back testing of performance relative to standard benchmarks. Reporting frameworks like the Task Force on Climate related Financial Disclosures support comparability and transparency across portfolios. Through integration of ESG considerations, investors seek risk adjusted returns while supporting long term value creation and societal benefits."
Private Equity Partnerships,https://www.kaggle.com/datasets/adilshamim12/startup-growth-and-investment-data,"Private equity partnerships bring together institutional capital and operational expertise to acquire, develop, and exit companies that exhibit growth potential. General partners raise committed capital from limited partners through fund vehicles with defined investment mandates and time horizons. Rigorous due diligence processes evaluate strategic positioning, management quality, and financial performance to identify attractive targets. Value creation plans focus on operational improvements, strategic repositioning, and governance enhancements to drive revenue growth and margin expansion. Co investment structures align interests by allowing limited partners to participate alongside the lead investor in select transactions. Exit strategies include initial public offerings, strategic sales to corporate buyers, or secondary market dispositions to achieve liquidity events. Private equity partnerships leverage network effects, industry expertise, and alignment of incentives to generate risk adjusted returns over the fund lifecycle."
Venture Capital Ecosystems,https://www.kaggle.com/datasets/adilshamim13/startup-growth-and-investment-data,"Venture capital ecosystems support early stage innovation by connecting entrepreneurs with capital providers, mentors, and strategic partners. Seed and series funding rounds enable startups to scale product development, expand market reach, and refine business models. Incubators and accelerators provide structured programs offering mentorship, networking opportunities, and operational resources in exchange for equity stakes. Syndication among venture firms diversifies risk and brings complementary expertise to support portfolio companies. Secondary markets facilitate liquidity through tender offers and direct listings, enhancing returns for early investors. Institutional investors typically allocate a portion of their portfolios to venture strategies to access high growth potential assets. Robust venture capital ecosystems foster entrepreneurial culture, attract talent, and stimulate regional economic development through innovation clusters."
Real Estate Diversification,https://www.kaggle.com/datasets/adilshamim14/startup-growth-and-investment-data,"Real estate diversification strategies allocate capital across property types, geographies, and investment vehicles to balance income and growth objectives. Direct ownership of residential, commercial, and industrial assets provides cash flow through rental income and potential value appreciation. Real estate investment trusts offer liquidity and professional management while providing exposure to diversified real estate portfolios. Core, value add, and opportunistic risk categories enable investors to tailor risk exposures and return expectations according to market conditions. Emerging segments such as logistics, data centers, and healthcare properties capture secular demand trends and inflation hedging characteristics. Global diversification through cross border allocations can enhance portfolio resilience but requires currency risk management and local market expertise. By combining multiple real estate strategies, investors can create balanced portfolios that deliver stable income streams and capital preservation."
Fixed Income Solutions,https://www.kaggle.com/datasets/adilshamim15/startup-growth-and-investment-data,"Fixed income solutions encompass a range of bond based strategies designed to generate income, preserve capital, and manage interest rate exposures. Government securities, investment grade corporate bonds, and asset backed instruments offer varying yields and credit qualities to suit risk appetites. Duration management techniques adjust sensitivity to interest rate movements through laddered maturities, bullet portfolios, or barbell structures. Credit research evaluates issuer fundamentals, covenant protections, and sector dynamics to identify undervalued opportunities and mitigate default risk. Inflation linked bonds and floating rate notes provide built in inflation protection and reduced rate sensitivity during rising rate environments. Dynamic bond strategies employ tactical sector allocations and credit positioning to capitalize on yield curve anomalies and relative value spreads. Fixed income solutions remain a cornerstone for diversified portfolios seeking predictable cash flows and capital preservation across market cycles."
Alternative Investment Vehicles,https://www.kaggle.com/datasets/adilshamim16/startup-growth-and-investment-data,"Alternative investment vehicles offer access to non traditional asset classes such as hedge funds, private credit, infrastructure, and commodities. Hedge funds employ strategies including long short equity, global macro, and event driven approaches to generate alpha irrespective of market direction. Private credit funds provide direct lending solutions to middle market borrowers, delivering yield enhancements and portfolio diversification benefits. Infrastructure investments in utilities, transportation, and energy assets generate stable cash flows through long term concession agreements. Commodity exposure through futures, physical holdings, or royalty structures enables investors to hedge inflation and participate in real asset returns. Fund of funds structures allow broad exposure to multiple managers while providing risk diversification and professional oversight. By incorporating alternative vehicles, portfolios can access diversified return sources and manage correlations to traditional markets."
Digital Asset Platforms,https://www.kaggle.com/datasets/adilshamim17/startup-growth-and-investment-data,"Digital asset platforms enable trading, custody, and issuance of cryptographic tokens representing cryptocurrencies, security tokens, and digital collectibles. Centralized exchanges provide liquidity and order matching services governed by regulatory compliance and know your customer procedures. Decentralized exchange protocols leverage smart contracts to facilitate peer to peer trading without intermediaries while maintaining transparency on public ledgers. Custody solutions employ hardware based security modules and multi signature wallets to protect digital assets from unauthorized access. Tokenization platforms convert real world assets such as real estate, art, or debt instruments into digital tokens that can be fractionally owned and traded. Regulatory frameworks continue to evolve to address KYC requirements, anti money laundering standards, and consumer protections in the digital asset ecosystem. Integration with institutional trading systems and over the counter desks supports adoption by traditional financial market participants."
Impact Investment Strategies,https://www.kaggle.com/datasets/adilshamim18/startup-growth-and-investment-data,"Impact investment strategies allocate capital to projects and enterprises that generate measurable social and environmental outcomes alongside financial returns. Investors define clear impact objectives such as affordable housing provision, renewable energy deployment, or educational access enhancement. Blended finance models combine concessional funding from public or philanthropic sources with commercial capital to reduce investment risks and scale solutions. Social impact bonds align payments to outcomes by linking investor returns to achievement of predefined social targets verified by independent evaluators. Measurement frameworks such as IRIS metrics provide standardized indicators to assess performance across diverse impact themes. Stakeholder engagement ensures alignment with beneficiary needs and strengthens accountability through participatory governance structures. By embedding impact considerations into decision processes, investors can contribute to sustainable development goals while capturing return opportunities."
Thematic Investing Opportunities,https://www.kaggle.com/datasets/adilshamim19/startup-growth-and-investment-data,"Thematic investing opportunities focus on long term structural trends that shape economies and societies by concentrating on specific themes. Examples include demographic shifts such as aging populations, technological advancements like artificial intelligence, and environmental transitions toward clean energy. Thematic funds select companies positioned to benefit from these megatrends through product offerings, research and development leadership, or competitive advantages. Data driven insights inform thematic thesis development and security selection, leveraging alternative datasets, text analytics, and network analysis. Portfolio construction balances thematic overweight positions with broader market exposures to manage concentration risks and ensure diversification. Regular reviews of thematic narratives account for evolving trends and regulatory changes that may impact investment assumptions. By linking investment strategies to compelling global themes, thematic investors seek to capture growth opportunities aligned with transformative developments."
Multi Asset Portfolio Construction,https://www.kaggle.com/datasets/adilshamim20/startup-growth-and-investment-data,"Multi asset portfolio construction combines multiple asset classes such as equities, fixed income, commodities, and alternatives to optimize risk and return trade offs. Strategic allocation provides a stable long term framework while tactical tilts respond to valuation shifts and macroeconomic views. Risk parity approaches allocate risk rather than capital to achieve balanced contributions across diversified holdings. Black Litterman models incorporate investor views alongside market equilibrium assumptions to generate customized expected return vectors. Liquidity considerations align asset selections with redemption policies and cash flow requirements. Comprehensive governance frameworks oversee rebalancing thresholds, performance attribution, and compliance monitoring. By integrating diverse strategies, multi asset portfolios aim to deliver consistent outcomes across varied market environments."
Quantitative Trading Methods,https://www.kaggle.com/datasets/adilshamim21/startup-growth-and-investment-data,"Quantitative trading methods employ statistical models and algorithmic execution strategies to identify and exploit market inefficiencies. High frequency trading systems process large volumes of order book data to capture fleeting arbitrage opportunities across related venues. Factor based strategies such as momentum, value, and carry leverage historic return patterns to inform systematic portfolio construction. Machine learning techniques analyze alternative data sources including social media sentiment, satellite imagery, and news analytics to generate predictive signals. Execution algorithms optimize trade schedules to minimize market impact and transaction costs through smart order routing and liquidity seeking behaviors. Back testing frameworks validate model robustness across historical market regimes and support parameter optimization. By combining rigorous quantitative research with automated execution platforms, quantitative trading methods aim to generate scalable and repeatable returns."
Behavioral Finance Insights,https://www.kaggle.com/datasets/adilshamim22/startup-growth-and-investment-data,"Behavioral finance insights examine the psychological factors influencing investor decisions and market dynamics beyond traditional rational models. Cognitive biases such as loss aversion, confirmation bias, and overconfidence affect risk perceptions and asset valuations. Herd behavior can lead to price momentum and bubbles as investors follow trends rather than fundamentals. Sentiment analysis tools measure market mood through indicators derived from surveys, social media chatter, and news feeds. Prospect theory frameworks explain why individuals evaluate gains and losses asymmetrically and may exhibit nonlinear utility preferences. Investment strategies incorporate behavioral adjustments by setting predetermined rebalancing rules, using decision heuristics, and integrating contrarian signals. Understanding behavioral finance insights allows practitioners to design portfolio processes that mitigate common errors and enhance long term performance."
Dataset Scale,https://www.kaggle.com/datasets/justinas/startup-investments,"Startup growth investment dataset encompasses 5000 records related to startups, featuring 9 columns such as 'Startup Name', 'Industry', and 'Funding Rounds'. It provides a panoramic view of the startup ecosystem with data on investment amounts, valuations, growth rates, and more. This scale allows for in - depth analysis of various aspects of startups, from their basic information to their financial and growth - related performance. The large number of records also enables the discovery of trends and patterns that might not be evident in smaller datasets. It serves as a valuable resource for understanding the overall startup landscape and making comparisons across different startups."
Industry Distribution Initial Observation,https://www.kaggle.com/datasets/justinas/startup-investments,"From the initial rows of the dataset, a wide variety of industries are represented, such as Blockchain, SaaS, EdTech, and Fintech. This diversity indicates that startup activities are widespread across different sectors. Each industry has its own characteristics and market dynamics. For instance, the presence of many Blockchain startups might suggest the emergence of new technologies and business models in the digital currency and distributed - ledger field. The different industries also imply diverse market demands and opportunities. Some industries may be more innovative and attract high - risk, high - return investments, while others may offer more stable growth potential."
Industry and Funding Rounds,https://www.kaggle.com/datasets/justinas/startup-investments,"Different industries exhibit distinct numbers of funding rounds. For example, EdTech startups in the sample have 9 - 10 rounds, while Fintech startups have 5 rounds. This variance can be attributed to several factors. EdTech might require more capital over a longer period to develop educational platforms, conduct research, and scale up operations. On the other hand, Fintech startups may reach a more stable financial state with fewer rounds, perhaps due to the nature of their business models, which can generate revenue more quickly. The difference in funding rounds also reflects the different growth trajectories and capital requirements of various industries."
Investment Amount Differences,https://www.kaggle.com/datasets/justinas/startup-investments,"The 'Investment Amount (USD)' varies remarkably among startups. Startup_2 received 2781498219.93 dollars, while Startup_5 got 1645080294.64 dollars. These disparities can be ascribed to multiple factors. Industry is a significant determinant; some industries, like emerging high - tech sectors, may attract larger investments due to their high - growth potential. The stage of development also matters. A startup in an early - stage might receive less investment compared to a more mature one with a proven track record. Additionally, market potential and the startup's business model can influence the investment amount. A startup with a unique and scalable business model is likely to attract more capital."
Investment Amount and Number of Investors,https://www.kaggle.com/datasets/justinas/startup-investments,"There appears to be a relationship between the 'Investment Amount (USD)' and the 'Number of Investors'. For example, Startup_1, with 50 investors, has an investment amount of 1335165853.1 dollars. Generally, more investors can pool more funds, but this is not always the case. Other factors, such as the investors' individual investment capabilities and the startup's valuation expectations, also play crucial roles. A startup with a high - profile reputation or a revolutionary product might attract a small number of wealthy investors who can provide a large amount of capital. Conversely, a startup with a broader base of smaller - scale investors may still struggle to reach a high investment amount."
Valuation Industry Differences,https://www.kaggle.com/datasets/justinas/startup-investments,"Valuations also display industry - related variances. A Blockchain startup has a valuation of 6621448041.82 dollars, while an EdTech startup has 15482697353.09 dollars. Different industries have different valuation metrics and growth expectations. In the Blockchain industry, the valuation might be influenced by factors like the development of the underlying technology, the size of the market, and regulatory uncertainties. EdTech startups, on the other hand, may be valued based on user adoption rates, the quality of educational content, and the potential for market expansion in the education sector. These differences in valuation reflect the unique characteristics and market outlooks of each industry."
Valuation and Investment Amount,https://www.kaggle.com/datasets/justinas/startup-investments,"The relationship between 'Valuation (USD)' and 'Investment Amount (USD)' is worth noting. Generally, a higher investment amount is expected to lead to a higher valuation. However, the ratio between them varies among startups. For instance, Startup_4 and Startup_2 have different investment - to - valuation ratios. This variance can be due to factors such as the startup's growth prospects, the stage of investment, and the market's perception of the startup's potential. A startup in a high - growth phase may have a relatively lower investment - to - valuation ratio if investors anticipate significant future growth. In contrast, a more mature startup with a stable revenue stream may have a higher ratio."
Country Distribution and Startup Industries,https://www.kaggle.com/datasets/justinas/startup-investments,"Startups in the dataset are from various countries, including Germany, the UK, Singapore, France, and India. Each country has its own unique business environment and industry strengths. For example, the presence of EdTech startups in different countries may reflect local education - related market needs. In some countries with a strong education system, there may be more opportunities for EdTech startups to develop and thrive. Additionally, local government policies, the availability of talent, and the level of technological infrastructure can all influence the types of startups that emerge in a particular country. This country - specific distribution of industries provides insights into the global startup ecosystem and the factors that drive startup growth in different regions."
Country and Investment Preferences,https://www.kaggle.com/datasets/justinas/startup-investments,"It is likely that different countries have different investment preferences. A UK - based SaaS startup received a certain amount of investment, while a French Fintech startup had a different investment amount. This can be attributed to local economic policies, investor attitudes, and the overall economic climate. In some countries, there may be more government - backed incentives for certain industries, which can attract more investment. Investor attitudes also play a role; some investors may be more inclined to invest in local startups or in industries they are more familiar with. Moreover, the economic stability and growth potential of a country can impact the investment decisions made by both domestic and international investors."
Year Founded and Industry Trends,https://www.kaggle.com/datasets/justinas/startup-investments,"The 'Year Founded' column shows that startups in the dataset were established from 2006 to 2021. By analyzing this data, we can observe industry trends over time. For example, the increasing number of Fintech startups in recent years may be related to the development of digital finance. As technology evolves and consumer behavior changes, new industries emerge and gain popularity. The data can also show how industries respond to economic cycles and technological advancements. Startups founded in different years may face different market conditions, regulatory environments, and technological landscapes, which can significantly impact their growth and development."
Year Founded and Funding Rounds,https://www.kaggle.com/datasets/justinas/startup-investments,"There may be a connection between the 'Year Founded' and the 'Funding Rounds'. Older startups might have had more time to grow, establish a reputation, and attract investors, thus going through more rounds of funding. For example, a startup founded in 2006 has 2 rounds, while one founded in 2016 has 10 rounds. However, this is not always a straightforward relationship. Some early - founded startups may have faced challenges and not been able to secure as many funding rounds, while some newly - founded startups with innovative ideas can quickly attract multiple rounds of investment. The startup's industry, business model, and the overall economic situation at the time of founding also play important roles in determining the number of funding rounds."
Growth Rate Industry Differences,https://www.kaggle.com/datasets/justinas/startup-investments,"Growth rates vary significantly among industries. EdTech startups seem to have relatively high growth rates, such as 190.47% and 192.0%. This can be attributed to the high market demand for educational innovation. With the increasing adoption of digital learning, EdTech startups are well - positioned to meet the needs of students, educators, and educational institutions. In contrast, a Fintech startup has a lower growth rate of 9.44%. The growth rate differences can also be due to industry competition, regulatory constraints, and the rate of technological change within the industry. Some industries may experience rapid growth due to emerging technologies, while others may face more stable but slower - growing markets."
Growth Rate and Investment Amount,https://www.kaggle.com/datasets/justinas/startup-investments,"There might be a correlation between the 'Growth Rate (%)' and the 'Investment Amount (USD)'. However, from the initial data analysis, this relationship is not straightforward. Some startups with high investment amounts do not necessarily have extremely high growth rates. This suggests that other factors, such as the effectiveness of the startup's management, the competitive landscape, and market saturation, also influence growth. For example, a startup in a highly competitive market may receive a large investment but still struggle to achieve high growth rates due to intense competition. Additionally, the investment may be used for long - term strategic development rather than short - term growth, which may not be immediately reflected in the growth rate."
Growth Rate and Valuation,https://www.kaggle.com/datasets/justinas/startup-investments,"The 'Growth Rate (%)' is likely to have an impact on the 'Valuation (USD)'. A high - growth startup is generally expected to have a higher valuation. For example, a startup with a 192.0% growth rate has a relatively high valuation. This is because investors are willing to pay more for a startup with strong growth potential. However, other elements also matter. Market competition can limit a startup's growth potential and thus its valuation, even if it currently has a high growth rate. Additionally, the startup's long - term sustainability, the quality of its products or services, and the overall market sentiment can all affect the valuation. A startup in a volatile industry may have a high growth rate but a lower - than - expected valuation due to market uncertainties."
